# ************************************************************
# Sequel Pro SQL dump
# Version 4096
#
# http://www.sequelpro.com/
# http://code.google.com/p/sequel-pro/
#
# Host: 127.0.0.1 (MySQL 5.6.14)
# Database: charts
# Generation Time: 2013-12-05 20:12:23 +0000
# ************************************************************


/*!40101 SET @OLD_CHARACTER_SET_CLIENT=@@CHARACTER_SET_CLIENT */;
/*!40101 SET @OLD_CHARACTER_SET_RESULTS=@@CHARACTER_SET_RESULTS */;
/*!40101 SET @OLD_COLLATION_CONNECTION=@@COLLATION_CONNECTION */;
/*!40101 SET NAMES utf8 */;
/*!40014 SET @OLD_FOREIGN_KEY_CHECKS=@@FOREIGN_KEY_CHECKS, FOREIGN_KEY_CHECKS=0 */;
/*!40101 SET @OLD_SQL_MODE=@@SQL_MODE, SQL_MODE='NO_AUTO_VALUE_ON_ZERO' */;
/*!40111 SET @OLD_SQL_NOTES=@@SQL_NOTES, SQL_NOTES=0 */;


# Dump of table album
# ------------------------------------------------------------

DROP TABLE IF EXISTS `album`;

CREATE TABLE `album` (
  `id` int(11) unsigned NOT NULL AUTO_INCREMENT,
  `name` varchar(255) DEFAULT '',
  PRIMARY KEY (`id`)
) ENGINE=InnoDB DEFAULT CHARSET=utf8;

LOCK TABLES `album` WRITE;
/*!40000 ALTER TABLE `album` DISABLE KEYS */;

INSERT INTO `album` (`id`, `name`)
VALUES
	(41,' Daft Punk - Random Access Memories'),
	(42,' Vampire Weekend - Modern Vampires of the City'),
	(43,' Chvrches - The Bones of What You Believe'),
	(44,' Jason Isbell - Southeastern'),
	(45,' Tegan and Sara - Heartthrob'),
	(46,' Queens of the Stone Age - ...Like Clockwork'),
	(47,' Lorde - Pure Heroine'),
	(48,' Bastille - Bad Blood'),
	(49,' The National - Trouble Will Find Me'),
	(50,' Kacey Musgraves - Same Trailer Different Park'),
	(51,' Drake - Nothing Was The Same'),
	(52,' Arcade Fire - Reflektor'),
	(53,' Haim - Days Are Gone'),
	(54,' The Civil Wars - The Civil Wars'),
	(55,' Neko Case - The Worse Things Get...'),
	(56,' Deafheaven - Sunbather'),
	(57,' Foals - Holy Fire'),
	(58,' Miley Cyrus - Bangerz'),
	(59,' Fitz & The Tantrums - More THan Just A Dream'),
	(60,' Icona Pop - This Is... Icona Pop'),
	(61,' Arctic Monkeys - AM'),
	(62,' Kanye West - Yeezus'),
	(63,' Savages - Silence Yourself'),
	(64,' Nick Cave & The Bad Seeds - Push The Sky Away'),
	(65,' Laura Marling - Once I Was An Eagle'),
	(66,' David Bowie - The Next Day'),
	(67,' Jon Hopkins - Immunity'),
	(68,' MIA - Matangi'),
	(69,' Drenge - Drenge'),
	(70,' Peace - In Love'),
	(71,' Jagwar Ma - Howlin\''),
	(72,' Waxahatchee - Cerulean Salt'),
	(73,' Hookworms - Pearl Mystic'),
	(74,' Disclosure - Settle'),
	(76,' Deerhunter - Monomania'),
	(78,' Parquet Courts - Light Up Gold'),
	(79,' Factory Floor - Factory Floor'),
	(80,' Earl Sweatshirt - Doris'),
	(81,' These New Puritans - Field Of Reeds'),
	(82,' My Bloody Valentine - m b v'),
	(83,' Yeah Yeah Yeahs - Mosquito'),
	(84,' Merchandise - Totale Nite'),
	(85,' Palma Violets - 180'),
	(86,' Janelle Monae - The Electric Lady'),
	(87,' Bill Callahan - Dream River'),
	(88,' Deap Vally - Sistrionix'),
	(89,' Kurt Vile - Wakin On A Pretty Daze'),
	(90,' Courtney Barnett - The Double EP: A Sea Of Split Peas'),
	(91,' The Julie Ruin - Run Fast'),
	(92,' Fuck Buttons - Slow Focus'),
	(93,' The Strokes - Comedown Machine'),
	(94,' Cate Le Bon - Mug Museum'),
	(95,' The Knife - Shaking The Habitual'),
	(96,' Speedy Ortiz - Major Arcana'),
	(97,' Future Of The Left - How To Stop Your Brain In An Accident'),
	(98,' Primal Scream - More Light'),
	(99,' King Krule - 6 Feet Beneath The Moon'),
	(100,' Pusha T - My Name Is My Name'),
	(101,' Daughter - If You Leave'),
	(102,' James Blake - Overgrown'),
	(103,' Paul McCartney - New'),
	(104,' John Fogerty - Wrote a Song for Everyone'),
	(105,' Parquet Courts - Tally All the Things That You Broke'),
	(106,' Jake Bugg - S/T'),
	(107,' Atoms for Peace - AMOK'),
	(108,' Danny Brown - Old'),
	(109,' Ashley Monroe - Like a Rose'),
	(110,' Nine Inch Nails - Hesitation Marks'),
	(111,' Sky Ferreira - Night Time My Time'),
	(112,' Phoenix - Entertainment'),
	(114,' Eminem - The Marshall Mathers LP 2'),
	(115,' Elton John - The Diving Board'),
	(116,' Chance the Rapper - Acid Rap'),
	(117,' Bombino - Nomad'),
	(120,' Best Coast - Fade Away EP'),
	(121,' The So-So Glos - Blowout'),
	(123,' Keith Urban - Fuse'),
	(124,' Pearl Jam - Lightning Bolt'),
	(125,' J Cole - Born Sinner'),
	(126,' Valerie June - Pushin\' Against a Stone'),
	(127,' Avicii - True'),
	(128,' Franz Ferdinand - Right Thoughts, Right Words, Right Action'),
	(129,' The Flaming Lips - The Terror'),
	(130,' Beck - Song Reader'),
	(131,' Dr. Dog - B-Room'),
	(132,' Frank Turner - Tape Deck Heart'),
	(133,' The Lone Bellow - The Lone Bellow'),
	(134,' Eleanor Friedberger - Personal Record'),
	(135,' Cayucas - Big Foot'),
	(136,' Charles Bradley - Victim of Love'),
	(137,' Cass McCombs - Big Wheel & Others'),
	(138,' Frightened Rabbit - Pedestrian Verse'),
	(139,' The Haxan Cloak - Excavation'),
	(140,' of Montreal - lousy with sylvianbriar'),
	(141,' Typhoon - White Lighter'),
	(142,' Youth Lagoon - Wondrous Bughouse'),
	(143,' Autre Ne Veut - Anxiety'),
	(144,' Rhye - Woman'),
	(145,' King Khan & the Shrines - Idle No More'),
	(146,' Local Natives - Hummingbird'),
	(147,' Unknown Mortal Orchestra - II'),
	(148,' M.I.A. - Matangi'),
	(149,' Okkervil River - The Silver Gymnasium'),
	(150,' Volcano Choir - Repave'),
	(152,' Lucius - Wildewoman'),
	(153,' El-P and Killer Mike - Run the Jewels'),
	(154,' Foxygen - We Are the 21st Century Ambassadors of Peace & Magic'),
	(155,' Mikal Cronin - MCII'),
	(156,' Phosphorescent - Muchacho'),
	(157,' Body/Head - Coming Apart'),
	(158,' Superchunk - I Hate Music'),
	(159,' William Tyler - Impossbile Truth'),
	(160,' Death Grips - Government Plates'),
	(161,' James Holden - The Inheritors'),
	(162,' Colin Stetson - New History Warfare Vol. 3: To See More Light'),
	(163,' Kelela - Cut 4 Me'),
	(165,' Kvelertak - Meir'),
	(166,' Justin Timberlake - The 20/20 Experience'),
	(167,' 2 Chainz - B.O.A.T.S. II: Me Time'),
	(168,' Rudimental - Home'),
	(169,' Migos - Young Rich Niggas'),
	(170,' Caitlin Rose - The Stand-In'),
	(171,' DJ Rashad - I Don\'t Give a Fuck EP'),
	(172,' Oneohtrix Point Never - R Plus Seven'),
	(174,' Omar Souleyman - Wenu Wenu'),
	(175,' Ka - The Night\'s Gambit'),
	(176,' Boards of Canada - Tomorrow\'s Harvest'),
	(177,' Tim Hecker - Virgins'),
	(179,' Manic Street Preachers - Rewind the Film'),
	(181,' Bill Ryder Jones - A Bad Wind Blows in My Heart'),
	(182,' John Grant - Pale Green Ghosts'),
	(184,' Steve Mason - Monkey Minds in the Devil\'s Time'),
	(186,' Laura Mvula - Sing to the Moon'),
	(187,' Matthew E White - Big Inner'),
	(189,' Biffy Clyro - Opposites'),
	(190,' Suede - Bloodsports'),
	(191,' Empire of the Sun - Ice on the Dune'),
	(192,' Daniel Avery - Drone Logic'),
	(193,' Pet Shop Boys - Electric'),
	(194,' Prefab Sprout - Crimson Red'),
	(195,' Devendra Banhart - Mala'),
	(197,' Goldfrapp - Tales of Us'),
	(198,' Alunageorge - Body Music'),
	(200,' Neon Neon - Praxis Makes Perfect'),
	(201,' Sigur Ros - Kveikur'),
	(202,' Mazzy Star - Seasons of Your Day'),
	(203,' Mark Kozelek & Jimmy Lavalle - Perils from the Sea'),
	(204,' John Murry - The Graceless Age'),
	(205,' Holden - Inheritors'),
	(208,' Mavis Staples - One True Vine'),
	(209,' Villagers {Awayland}'),
	(210,' John Hopkins - Immunity'),
	(211,' Elvis Costello and The Roots - Wise Up Ghost and Other Songs'),
	(212,' Glenn Jones - My Garden State'),
	(213,' Bill Bragg - Tooth & Nail'),
	(214,' Karen Gwyer - Needs Continuum'),
	(215,' Midlake - Antiphon'),
	(216,' Low - The Invisible Way'),
	(217,' Roy Harper - Man & Myth'),
	(218,' Black Sabbath - 13'),
	(219,' Johnny Marr - The Messenger'),
	(221,' Julia Holter - Loud City Song'),
	(222,' Time is a Mountain - Time is a Mountain'),
	(223,' Carcass - Surgical Steel'),
	(224,' A$AP Rocky - Long.Live.A$AP'),
	(225,' Yo La Tengo - Fade'),
	(226,' A$AP Ferg - Trap Lord'),
	(227,' Cassie - RockaByeBaby'),
	(228,' Pharmakon - Abandon'),
	(229,' Pure Bathing Culture - Moon Tides'),
	(230,' Forest Swords - Engravings'),
	(231,' Gorguts - Colored Sands'),
	(232,' Yuck - Glow & Behold'),
	(233,' The Field - Cupid\'s Head'),
	(234,' Iceage - You\'re Nothing'),
	(236,' Phoenix - Bankrupt!'),
	(237,' Blood Orange - Cupid Deluxe'),
	(238,' Windhand - Soma'),
	(270,' Boldy James - My 1st Chemistry Set'),
	(272,' Willis Earl Beal - Nobody knows.'),
	(273,' Geseffalstein - Aleph'),
	(274,' Woodkid - The Golden Age'),
	(275,' Flume - Flume'),
	(276,' Young Thug - 1017 Thug'),
	(277,' Poliça - Shulamith'),
	(279,' Charli XCX - True Romance'),
	(280,' Jessie Ware - Devotion'),
	(281,' Royal Teeth - Glow'),
	(282,' Cold War Kids - Dear Miss Lonelyhearts'),
	(283,' The 1975 - The 1975'),
	(284,' Tom Odell - Long Way Down'),
	(285,' Portugal. The Man - Evil Friends'),
	(286,' BOY - Mutual Friends'),
	(287,' Depeche Mode - Delta Machine'),
	(288,' Capital Cities - In A Tidal Wave Of Mystery'),
	(289,' Russian Circles - Memorial'),
	(290,' Hanni El Khatib - Head in the Dirt'),
	(291,' Katy Perry - Prism'),
	(292,' Pelican - Forever Becoming');

/*!40000 ALTER TABLE `album` ENABLE KEYS */;
UNLOCK TABLES;


# Dump of table album_chart
# ------------------------------------------------------------

DROP TABLE IF EXISTS `album_chart`;

CREATE TABLE `album_chart` (
  `album_id` int(11) unsigned NOT NULL,
  `chart_id` int(11) unsigned NOT NULL,
  `position` int(11) unsigned NOT NULL,
  UNIQUE KEY `album_chart_position` (`chart_id`,`album_id`,`position`)
) ENGINE=InnoDB DEFAULT CHARSET=utf8;

LOCK TABLES `album_chart` WRITE;
/*!40000 ALTER TABLE `album_chart` DISABLE KEYS */;

INSERT INTO `album_chart` (`album_id`, `chart_id`, `position`)
VALUES
	(41,3,1),
	(42,3,2),
	(43,3,3),
	(44,3,4),
	(45,3,5),
	(46,3,6),
	(47,3,7),
	(48,3,8),
	(49,3,9),
	(50,3,10),
	(51,3,11),
	(52,3,12),
	(53,3,13),
	(54,3,14),
	(55,3,15),
	(56,3,16),
	(57,3,17),
	(58,3,18),
	(59,3,19),
	(60,3,20),
	(61,3,42),
	(62,3,22),
	(63,3,49),
	(74,3,30),
	(89,3,38),
	(107,3,31),
	(128,3,27),
	(143,3,50),
	(144,3,26),
	(146,3,40),
	(147,3,23),
	(150,3,43),
	(152,3,25),
	(166,3,29),
	(198,3,44),
	(236,3,21),
	(279,3,24),
	(280,3,28),
	(281,3,32),
	(282,3,33),
	(283,3,34),
	(284,3,35),
	(285,3,36),
	(286,3,37),
	(287,3,39),
	(288,3,41),
	(289,3,45),
	(290,3,46),
	(291,3,47),
	(292,3,48),
	(41,4,6),
	(42,4,14),
	(43,4,23),
	(45,4,33),
	(46,4,3),
	(49,4,20),
	(52,4,7),
	(53,4,25),
	(57,4,4),
	(61,4,1),
	(62,4,2),
	(63,4,5),
	(64,4,8),
	(65,4,9),
	(66,4,10),
	(67,4,11),
	(68,4,12),
	(69,4,13),
	(70,4,15),
	(71,4,16),
	(72,4,17),
	(73,4,18),
	(74,4,19),
	(76,4,22),
	(78,4,24),
	(79,4,26),
	(80,4,27),
	(81,4,28),
	(82,4,29),
	(83,4,30),
	(84,4,31),
	(85,4,32),
	(86,4,34),
	(87,4,35),
	(88,4,36),
	(89,4,37),
	(90,4,38),
	(91,4,39),
	(92,4,40),
	(93,4,41),
	(94,4,42),
	(95,4,43),
	(96,4,44),
	(97,4,45),
	(98,4,46),
	(99,4,47),
	(100,4,48),
	(101,4,49),
	(102,4,50),
	(234,4,21),
	(41,5,3),
	(42,5,1),
	(43,5,32),
	(45,5,30),
	(46,5,6),
	(47,5,7),
	(49,5,8),
	(50,5,28),
	(51,5,14),
	(52,5,5),
	(53,5,31),
	(55,5,34),
	(58,5,27),
	(61,5,9),
	(62,5,2),
	(63,5,43),
	(65,5,20),
	(66,5,16),
	(68,5,47),
	(72,5,36),
	(74,5,13),
	(80,5,42),
	(82,5,23),
	(89,5,38),
	(92,5,48),
	(100,5,33),
	(103,5,4),
	(104,5,10),
	(105,5,11),
	(106,5,12),
	(107,5,15),
	(108,5,17),
	(109,5,18),
	(110,5,19),
	(111,5,21),
	(112,5,22),
	(114,5,24),
	(115,5,25),
	(116,5,26),
	(117,5,29),
	(120,5,35),
	(121,5,37),
	(123,5,39),
	(124,5,40),
	(125,5,41),
	(126,5,44),
	(127,5,45),
	(128,5,46),
	(129,5,49),
	(130,5,50),
	(41,6,15),
	(42,6,7),
	(43,6,8),
	(44,6,11),
	(46,6,29),
	(47,6,36),
	(49,6,12),
	(50,6,20),
	(52,6,18),
	(53,6,10),
	(55,6,28),
	(62,6,16),
	(63,6,14),
	(72,6,19),
	(76,6,5),
	(78,6,23),
	(80,6,43),
	(82,6,26),
	(86,6,4),
	(87,6,27),
	(89,6,6),
	(95,6,21),
	(96,6,49),
	(100,6,34),
	(108,6,38),
	(131,6,50),
	(132,6,48),
	(133,6,47),
	(134,6,46),
	(135,6,45),
	(136,6,44),
	(137,6,42),
	(138,6,41),
	(139,6,40),
	(140,6,39),
	(141,6,37),
	(142,6,35),
	(143,6,33),
	(144,6,32),
	(145,6,31),
	(146,6,30),
	(147,6,25),
	(148,6,24),
	(149,6,22),
	(150,6,17),
	(152,6,13),
	(153,6,9),
	(154,6,3),
	(155,6,2),
	(156,6,1),
	(41,7,19),
	(42,7,3),
	(45,7,13),
	(46,7,49),
	(50,7,17),
	(51,7,50),
	(52,7,37),
	(53,7,4),
	(55,7,47),
	(56,7,22),
	(62,7,1),
	(65,7,33),
	(72,7,20),
	(74,7,5),
	(80,7,31),
	(82,7,39),
	(86,7,38),
	(87,7,40),
	(89,7,10),
	(95,7,9),
	(100,7,46),
	(108,7,12),
	(109,7,35),
	(110,7,15),
	(114,7,28),
	(116,7,2),
	(139,7,14),
	(144,7,26),
	(148,7,11),
	(153,7,21),
	(155,7,18),
	(157,7,48),
	(158,7,45),
	(159,7,44),
	(160,7,43),
	(161,7,42),
	(162,7,41),
	(163,7,36),
	(165,7,34),
	(166,7,32),
	(167,7,30),
	(168,7,29),
	(169,7,27),
	(170,7,25),
	(171,7,24),
	(172,7,23),
	(174,7,16),
	(175,7,8),
	(176,7,7),
	(177,7,6),
	(41,8,4),
	(42,8,2),
	(46,8,14),
	(49,8,37),
	(53,8,10),
	(57,8,15),
	(61,8,1),
	(62,8,26),
	(63,8,32),
	(65,8,18),
	(66,8,3),
	(67,8,5),
	(71,8,11),
	(74,8,23),
	(78,8,33),
	(79,8,19),
	(81,8,42),
	(82,8,12),
	(85,8,21),
	(86,8,31),
	(87,8,27),
	(89,8,36),
	(93,8,47),
	(94,8,48),
	(95,8,43),
	(98,8,49),
	(102,8,46),
	(124,8,44),
	(128,8,28),
	(137,8,7),
	(153,8,40),
	(176,8,25),
	(179,8,6),
	(181,8,8),
	(182,8,9),
	(184,8,13),
	(186,8,16),
	(187,8,17),
	(189,8,20),
	(190,8,22),
	(191,8,24),
	(192,8,29),
	(193,8,30),
	(194,8,34),
	(195,8,35),
	(197,8,38),
	(198,8,39),
	(200,8,41),
	(201,8,45),
	(202,8,50),
	(41,9,2),
	(42,9,7),
	(46,9,15),
	(52,9,18),
	(53,9,43),
	(61,9,4),
	(62,9,38),
	(64,9,9),
	(65,9,22),
	(66,9,3),
	(74,9,27),
	(76,9,6),
	(79,9,16),
	(80,9,23),
	(81,9,45),
	(82,9,13),
	(87,9,1),
	(94,9,37),
	(98,9,30),
	(102,9,25),
	(103,9,42),
	(129,9,48),
	(134,9,24),
	(136,9,17),
	(154,9,46),
	(156,9,11),
	(177,9,49),
	(179,9,28),
	(182,9,5),
	(186,9,19),
	(193,9,20),
	(194,9,12),
	(197,9,41),
	(203,9,8),
	(204,9,10),
	(205,9,14),
	(208,9,21),
	(209,9,26),
	(210,9,29),
	(211,9,31),
	(212,9,32),
	(213,9,33),
	(214,9,34),
	(215,9,35),
	(216,9,36),
	(217,9,39),
	(218,9,40),
	(219,9,44),
	(221,9,47),
	(222,9,50),
	(41,10,9),
	(42,10,3),
	(43,10,21),
	(45,10,19),
	(49,10,27),
	(51,10,28),
	(52,10,10),
	(53,10,8),
	(56,10,2),
	(62,10,1),
	(63,10,14),
	(72,10,16),
	(74,10,4),
	(76,10,23),
	(82,10,5),
	(86,10,41),
	(87,10,24),
	(89,10,13),
	(95,10,38),
	(96,10,31),
	(108,10,7),
	(110,10,25),
	(111,10,6),
	(116,10,18),
	(142,10,45),
	(143,10,42),
	(150,10,11),
	(153,10,12),
	(156,10,50),
	(158,10,22),
	(165,10,15),
	(166,10,49),
	(169,10,26),
	(172,10,30),
	(221,10,36),
	(223,10,48),
	(224,10,47),
	(225,10,46),
	(226,10,44),
	(227,10,43),
	(228,10,40),
	(229,10,39),
	(230,10,37),
	(231,10,35),
	(232,10,34),
	(233,10,33),
	(234,10,32),
	(236,10,29),
	(237,10,20),
	(238,10,17),
	(41,11,23),
	(42,11,6),
	(47,11,28),
	(51,11,7),
	(52,11,2),
	(53,11,4),
	(62,11,1),
	(74,11,20),
	(80,11,22),
	(99,11,30),
	(100,11,11),
	(102,11,3),
	(108,11,13),
	(116,11,5),
	(143,11,8),
	(144,11,24),
	(148,11,26),
	(153,11,9),
	(156,11,12),
	(198,11,27),
	(224,11,25),
	(226,11,19),
	(237,11,10),
	(270,11,29),
	(272,11,21),
	(273,11,18),
	(274,11,17),
	(275,11,16),
	(276,11,15),
	(277,11,14);

/*!40000 ALTER TABLE `album_chart` ENABLE KEYS */;
UNLOCK TABLES;


# Dump of table chart
# ------------------------------------------------------------

DROP TABLE IF EXISTS `chart`;

CREATE TABLE `chart` (
  `id` int(11) unsigned NOT NULL AUTO_INCREMENT,
  `name` varchar(255) DEFAULT NULL,
  PRIMARY KEY (`id`)
) ENGINE=InnoDB DEFAULT CHARSET=utf8;

LOCK TABLES `chart` WRITE;
/*!40000 ALTER TABLE `chart` DISABLE KEYS */;

INSERT INTO `chart` (`id`, `name`)
VALUES
	(3,'Amazon'),
	(4,'NME'),
	(5,'Rolling Stone'),
	(6,'Paste'),
	(7,'SPIN'),
	(8,'Q'),
	(9,'MOJO'),
	(10,'Stereogum'),
	(11,'Pigeons and Planes');

/*!40000 ALTER TABLE `chart` ENABLE KEYS */;
UNLOCK TABLES;



/*!40111 SET SQL_NOTES=@OLD_SQL_NOTES */;
/*!40101 SET SQL_MODE=@OLD_SQL_MODE */;
/*!40014 SET FOREIGN_KEY_CHECKS=@OLD_FOREIGN_KEY_CHECKS */;
/*!40101 SET CHARACTER_SET_CLIENT=@OLD_CHARACTER_SET_CLIENT */;
/*!40101 SET CHARACTER_SET_RESULTS=@OLD_CHARACTER_SET_RESULTS */;
/*!40101 SET COLLATION_CONNECTION=@OLD_COLLATION_CONNECTION */;
